sample,chrom,pos,id,ref,alt,qual,filter,info,gene,Assay Type,AvgSpotLen,Bases,BioProject,BioSample,BioSampleModel,Bytes,Center Name,Collection_Date,Consent,DATASTORE filetype,DATASTORE provider,DATASTORE region,Experiment,geo_loc_name_country,geo_loc_name_country_continent,geo_loc_name,host_disease,Host,host_tissue_sampled,Instrument,Isolate,Isolation_source,lat_lon,Library Name,LibraryLayout,LibrarySelection,LibrarySource,Organism,Platform,ReleaseDate,Sample Name,SRA Study,collected_by,passage_history
SRR12433063,NC_045512.2,241,NA,C,T,225,NA,"DP=257;VDB=0.036855;SGB=-0.693147;MQSB=1;MQ0F=0;AC=1;AN=1;DP4=0,0,206,49;MQ=60",NA,AMPLICON,304,432469917,PRJNA656695,SAMN15795850,Pathogen.cl,214887203,UNIVERSITY OF PENNSYLVANIA,2020-07-13,public,"fastq,sra","gs,ncbi,s3","gs.US,ncbi.public,s3.us-east-1",SRX8929019,USA,North America,USA: Philadelphia,Covid-19,Homo sapiens,NP-OP,Illumina MiSeq,304 1,hospital,39.9526 N 75.1652 W,VSP0248-1,PAIRED,PCR,VIRAL RNA,Severe acute respiratory syndrome coronavirus 2,ILLUMINA,2020-08-12T00:00:00Z,VSP0248-1,SRP277146,"Ron\, Young",Extraction Technique: QiaAMP mini RNA
SRR12433063,NC_045512.2,3037,NA,C,T,225,NA,"DP=243;VDB=0.0140637;SGB=-0.693147;MQSB=1;MQ0F=0;AC=1;AN=1;DP4=0,0,160,78;MQ=59",NA,AMPLICON,304,432469917,PRJNA656695,SAMN15795850,Pathogen.cl,214887203,UNIVERSITY OF PENNSYLVANIA,2020-07-13,public,"fastq,sra","gs,ncbi,s3","gs.US,ncbi.public,s3.us-east-1",SRX8929019,USA,North America,USA: Philadelphia,Covid-19,Homo sapiens,NP-OP,Illumina MiSeq,304 1,hospital,39.9526 N 75.1652 W,VSP0248-1,PAIRED,PCR,VIRAL RNA,Severe acute respiratory syndrome coronavirus 2,ILLUMINA,2020-08-12T00:00:00Z,VSP0248-1,SRP277146,"Ron\, Young",Extraction Technique: QiaAMP mini RNA
SRR12433063,NC_045512.2,6889,NA,A,G,225,NA,"DP=227;VDB=0.953534;SGB=-0.693147;MQSB=1;MQ0F=0;AC=1;AN=1;DP4=0,0,149,59;MQ=59",NA,AMPLICON,304,432469917,PRJNA656695,SAMN15795850,Pathogen.cl,214887203,UNIVERSITY OF PENNSYLVANIA,2020-07-13,public,"fastq,sra","gs,ncbi,s3","gs.US,ncbi.public,s3.us-east-1",SRX8929019,USA,North America,USA: Philadelphia,Covid-19,Homo sapiens,NP-OP,Illumina MiSeq,304 1,hospital,39.9526 N 75.1652 W,VSP0248-1,PAIRED,PCR,VIRAL RNA,Severe acute respiratory syndrome coronavirus 2,ILLUMINA,2020-08-12T00:00:00Z,VSP0248-1,SRP277146,"Ron\, Young",Extraction Technique: QiaAMP mini RNA
SRR12433063,NC_045512.2,21575,NA,C,T,225,NA,"DP=250;VDB=2.62889e-11;SGB=-0.693147;MQSB=1;MQ0F=0;AC=1;AN=1;DP4=0,0,151,97;MQ=60",S,AMPLICON,304,432469917,PRJNA656695,SAMN15795850,Pathogen.cl,214887203,UNIVERSITY OF PENNSYLVANIA,2020-07-13,public,"fastq,sra","gs,ncbi,s3","gs.US,ncbi.public,s3.us-east-1",SRX8929019,USA,North America,USA: Philadelphia,Covid-19,Homo sapiens,NP-OP,Illumina MiSeq,304 1,hospital,39.9526 N 75.1652 W,VSP0248-1,PAIRED,PCR,VIRAL RNA,Severe acute respiratory syndrome coronavirus 2,ILLUMINA,2020-08-12T00:00:00Z,VSP0248-1,SRP277146,"Ron\, Young",Extraction Technique: QiaAMP mini RNA
SRR12433063,NC_045512.2,22213,NA,T,G,225,NA,"DP=225;VDB=0.573153;SGB=-0.693147;MQSB=1;MQ0F=0;AC=1;AN=1;DP4=0,0,156,68;MQ=60",S,AMPLICON,304,432469917,PRJNA656695,SAMN15795850,Pathogen.cl,214887203,UNIVERSITY OF PENNSYLVANIA,2020-07-13,public,"fastq,sra","gs,ncbi,s3","gs.US,ncbi.public,s3.us-east-1",SRX8929019,USA,North America,USA: Philadelphia,Covid-19,Homo sapiens,NP-OP,Illumina MiSeq,304 1,hospital,39.9526 N 75.1652 W,VSP0248-1,PAIRED,PCR,VIRAL RNA,Severe acute respiratory syndrome coronavirus 2,ILLUMINA,2020-08-12T00:00:00Z,VSP0248-1,SRP277146,"Ron\, Young",Extraction Technique: QiaAMP mini RNA
SRR12433063,NC_045512.2,23403,NA,A,G,225,NA,"DP=250;VDB=0.999892;SGB=-0.693147;MQSB=1;MQ0F=0;AC=1;AN=1;DP4=0,0,188,53;MQ=60",S,AMPLICON,304,432469917,PRJNA656695,SAMN15795850,Pathogen.cl,214887203,UNIVERSITY OF PENNSYLVANIA,2020-07-13,public,"fastq,sra","gs,ncbi,s3","gs.US,ncbi.public,s3.us-east-1",SRX8929019,USA,North America,USA: Philadelphia,Covid-19,Homo sapiens,NP-OP,Illumina MiSeq,304 1,hospital,39.9526 N 75.1652 W,VSP0248-1,PAIRED,PCR,VIRAL RNA,Severe acute respiratory syndrome coronavirus 2,ILLUMINA,2020-08-12T00:00:00Z,VSP0248-1,SRP277146,"Ron\, Young",Extraction Technique: QiaAMP mini RNA
SRR12433063,NC_045512.2,25563,NA,G,T,225,NA,"DP=247;VDB=0.000844561;SGB=-0.693147;MQSB=1;MQ0F=0;AC=1;AN=1;DP4=0,0,204,31;MQ=60",ORF3a,AMPLICON,304,432469917,PRJNA656695,SAMN15795850,Pathogen.cl,214887203,UNIVERSITY OF PENNSYLVANIA,2020-07-13,public,"fastq,sra","gs,ncbi,s3","gs.US,ncbi.public,s3.us-east-1",SRX8929019,USA,North America,USA: Philadelphia,Covid-19,Homo sapiens,NP-OP,Illumina MiSeq,304 1,hospital,39.9526 N 75.1652 W,VSP0248-1,PAIRED,PCR,VIRAL RNA,Severe acute respiratory syndrome coronavirus 2,ILLUMINA,2020-08-12T00:00:00Z,VSP0248-1,SRP277146,"Ron\, Young",Extraction Technique: QiaAMP mini RNA
SRR12433063,NC_045512.2,28817,NA,G,A,225,NA,"DP=115;VDB=6.97122e-05;SGB=-0.693147;MQSB=1;MQ0F=0;AC=1;AN=1;DP4=0,0,58,56;MQ=60",N,AMPLICON,304,432469917,PRJNA656695,SAMN15795850,Pathogen.cl,214887203,UNIVERSITY OF PENNSYLVANIA,2020-07-13,public,"fastq,sra","gs,ncbi,s3","gs.US,ncbi.public,s3.us-east-1",SRX8929019,USA,North America,USA: Philadelphia,Covid-19,Homo sapiens,NP-OP,Illumina MiSeq,304 1,hospital,39.9526 N 75.1652 W,VSP0248-1,PAIRED,PCR,VIRAL RNA,Severe acute respiratory syndrome coronavirus 2,ILLUMINA,2020-08-12T00:00:00Z,VSP0248-1,SRP277146,"Ron\, Young",Extraction Technique: QiaAMP mini RNA
SRR12433063,NC_045512.2,28829,NA,T,C,225,NA,"DP=117;VDB=6.45282e-05;SGB=-0.693147;MQSB=1;MQ0F=0;AC=1;AN=1;DP4=0,0,57,57;MQ=60",N,AMPLICON,304,432469917,PRJNA656695,SAMN15795850,Pathogen.cl,214887203,UNIVERSITY OF PENNSYLVANIA,2020-07-13,public,"fastq,sra","gs,ncbi,s3","gs.US,ncbi.public,s3.us-east-1",SRX8929019,USA,North America,USA: Philadelphia,Covid-19,Homo sapiens,NP-OP,Illumina MiSeq,304 1,hospital,39.9526 N 75.1652 W,VSP0248-1,PAIRED,PCR,VIRAL RNA,Severe acute respiratory syndrome coronavirus 2,ILLUMINA,2020-08-12T00:00:00Z,VSP0248-1,SRP277146,"Ron\, Young",Extraction Technique: QiaAMP mini RNA
SRR12433065,NC_045512.2,241,NA,C,T,225,NA,"DP=29;VDB=0.0258404;SGB=-0.693079;MQSB=1;MQ0F=0;AC=1;AN=1;DP4=0,0,13,16;MQ=60",NA,AMPLICON,211,116785074,PRJNA656695,SAMN15795848,Pathogen.cl,59827662,UNIVERSITY OF PENNSYLVANIA,2020-07-13,public,"fastq,sra","gs,ncbi,s3","gs.US,ncbi.public,s3.us-east-1",SRX8929017,USA,North America,USA: Philadelphia,Covid-19,Homo sapiens,NP-OP,Illumina MiSeq,300 1,hospital,39.9526 N 75.1652 W,VSP0244-1,PAIRED,PCR,VIRAL RNA,Severe acute respiratory syndrome coronavirus 2,ILLUMINA,2020-08-12T00:00:00Z,VSP0244-1,SRP277146,"Ron\, Young",Extraction Technique: QiaAMP mini RNA
SRR12433065,NC_045512.2,625,NA,G,T,80,NA,"DP=3;VDB=0.345596;SGB=-0.511536;MQSB=1;MQ0F=0;AC=1;AN=1;DP4=0,0,1,2;MQ=60",NA,AMPLICON,211,116785074,PRJNA656695,SAMN15795848,Pathogen.cl,59827662,UNIVERSITY OF PENNSYLVANIA,2020-07-13,public,"fastq,sra","gs,ncbi,s3","gs.US,ncbi.public,s3.us-east-1",SRX8929017,USA,North America,USA: Philadelphia,Covid-19,Homo sapiens,NP-OP,Illumina MiSeq,300 1,hospital,39.9526 N 75.1652 W,VSP0244-1,PAIRED,PCR,VIRAL RNA,Severe acute respiratory syndrome coronavirus 2,ILLUMINA,2020-08-12T00:00:00Z,VSP0244-1,SRP277146,"Ron\, Young",Extraction Technique: QiaAMP mini RNA
SRR12433065,NC_045512.2,1059,NA,C,T,228,NA,"DP=16;VDB=0.0560729;SGB=-0.686358;RPB=1;MQB=1;MQSB=1;BQB=1;MQ0F=0;AC=1;AN=1;DP4=1,0,7,7;MQ=60",NA,AMPLICON,211,116785074,PRJNA656695,SAMN15795848,Pathogen.cl,59827662,UNIVERSITY OF PENNSYLVANIA,2020-07-13,public,"fastq,sra","gs,ncbi,s3","gs.US,ncbi.public,s3.us-east-1",SRX8929017,USA,North America,USA: Philadelphia,Covid-19,Homo sapiens,NP-OP,Illumina MiSeq,300 1,hospital,39.9526 N 75.1652 W,VSP0244-1,PAIRED,PCR,VIRAL RNA,Severe acute respiratory syndrome coronavirus 2,ILLUMINA,2020-08-12T00:00:00Z,VSP0244-1,SRP277146,"Ron\, Young",Extraction Technique: QiaAMP mini RNA
SRR12433065,NC_045512.2,2219,NA,A,G,136,NA,"DP=6;VDB=0.029231;SGB=-0.590765;MQSB=1;MQ0F=0;AC=1;AN=1;DP4=0,0,2,3;MQ=60",NA,AMPLICON,211,116785074,PRJNA656695,SAMN15795848,Pathogen.cl,59827662,UNIVERSITY OF PENNSYLVANIA,2020-07-13,public,"fastq,sra","gs,ncbi,s3","gs.US,ncbi.public,s3.us-east-1",SRX8929017,USA,North America,USA: Philadelphia,Covid-19,Homo sapiens,NP-OP,Illumina MiSeq,300 1,hospital,39.9526 N 75.1652 W,VSP0244-1,PAIRED,PCR,VIRAL RNA,Severe acute respiratory syndrome coronavirus 2,ILLUMINA,2020-08-12T00:00:00Z,VSP0244-1,SRP277146,"Ron\, Young",Extraction Technique: QiaAMP mini RNA
SRR12433065,NC_045512.2,2262,NA,C,T,52,NA,"DP=4;VDB=0.0941126;SGB=-0.511536;RPB=1;MQB=1;MQSB=1;BQB=1;MQ0F=0;AC=1;AN=1;DP4=0,1,1,2;MQ=60",NA,AMPLICON,211,116785074,PRJNA656695,SAMN15795848,Pathogen.cl,59827662,UNIVERSITY OF PENNSYLVANIA,2020-07-13,public,"fastq,sra","gs,ncbi,s3","gs.US,ncbi.public,s3.us-east-1",SRX8929017,USA,North America,USA: Philadelphia,Covid-19,Homo sapiens,NP-OP,Illumina MiSeq,300 1,hospital,39.9526 N 75.1652 W,VSP0244-1,PAIRED,PCR,VIRAL RNA,Severe acute respiratory syndrome coronavirus 2,ILLUMINA,2020-08-12T00:00:00Z,VSP0244-1,SRP277146,"Ron\, Young",Extraction Technique: QiaAMP mini RNA
SRR12433065,NC_045512.2,3037,NA,C,T,81,NA,"DP=3;VDB=0.235765;SGB=-0.511536;MQSB=1;MQ0F=0;AC=1;AN=1;DP4=0,0,1,2;MQ=60",NA,AMPLICON,211,116785074,PRJNA656695,SAMN15795848,Pathogen.cl,59827662,UNIVERSITY OF PENNSYLVANIA,2020-07-13,public,"fastq,sra","gs,ncbi,s3","gs.US,ncbi.public,s3.us-east-1",SRX8929017,USA,North America,USA: Philadelphia,Covid-19,Homo sapiens,NP-OP,Illumina MiSeq,300 1,hospital,39.9526 N 75.1652 W,VSP0244-1,PAIRED,PCR,VIRAL RNA,Severe acute respiratory syndrome coronavirus 2,ILLUMINA,2020-08-12T00:00:00Z,VSP0244-1,SRP277146,"Ron\, Young",Extraction Technique: QiaAMP mini RNA
SRR12433065,NC_045512.2,11916,NA,C,T,162,NA,"DP=6;VDB=0.773942;SGB=-0.616816;MQSB=1;MQ0F=0;AC=1;AN=1;DP4=0,0,2,4;MQ=60",NA,AMPLICON,211,116785074,PRJNA656695,SAMN15795848,Pathogen.cl,59827662,UNIVERSITY OF PENNSYLVANIA,2020-07-13,public,"fastq,sra","gs,ncbi,s3","gs.US,ncbi.public,s3.us-east-1",SRX8929017,USA,North America,USA: Philadelphia,Covid-19,Homo sapiens,NP-OP,Illumina MiSeq,300 1,hospital,39.9526 N 75.1652 W,VSP0244-1,PAIRED,PCR,VIRAL RNA,Severe acute respiratory syndrome coronavirus 2,ILLUMINA,2020-08-12T00:00:00Z,VSP0244-1,SRP277146,"Ron\, Young",Extraction Technique: QiaAMP mini RNA
SRR12433065,NC_045512.2,13975,NA,G,T,140,NA,"DP=6;VDB=0.002554;SGB=-0.616816;MQSB=1;MQ0F=0;AC=1;AN=1;DP4=0,0,5,1;MQ=60",NA,AMPLICON,211,116785074,PRJNA656695,SAMN15795848,Pathogen.cl,59827662,UNIVERSITY OF PENNSYLVANIA,2020-07-13,public,"fastq,sra","gs,ncbi,s3","gs.US,ncbi.public,s3.us-east-1",SRX8929017,USA,North America,USA: Philadelphia,Covid-19,Homo sapiens,NP-OP,Illumina MiSeq,300 1,hospital,39.9526 N 75.1652 W,VSP0244-1,PAIRED,PCR,VIRAL RNA,Severe acute respiratory syndrome coronavirus 2,ILLUMINA,2020-08-12T00:00:00Z,VSP0244-1,SRP277146,"Ron\, Young",Extraction Technique: QiaAMP mini RNA
SRR12433065,NC_045512.2,14408,NA,C,T,138,NA,"DP=5;VDB=0.0357957;SGB=-0.590765;MQSB=1;MQ0F=0;AC=1;AN=1;DP4=0,0,3,2;MQ=60",NA,AMPLICON,211,116785074,PRJNA656695,SAMN15795848,Pathogen.cl,59827662,UNIVERSITY OF PENNSYLVANIA,2020-07-13,public,"fastq,sra","gs,ncbi,s3","gs.US,ncbi.public,s3.us-east-1",SRX8929017,USA,North America,USA: Philadelphia,Covid-19,Homo sapiens,NP-OP,Illumina MiSeq,300 1,hospital,39.9526 N 75.1652 W,VSP0244-1,PAIRED,PCR,VIRAL RNA,Severe acute respiratory syndrome coronavirus 2,ILLUMINA,2020-08-12T00:00:00Z,VSP0244-1,SRP277146,"Ron\, Young",Extraction Technique: QiaAMP mini RNA
SRR12433065,NC_045512.2,17010,NA,C,T,225,NA,"DP=12;VDB=0.062013;SGB=-0.680642;MQSB=0.982603;MQ0F=0;AC=1;AN=1;DP4=0,0,6,6;MQ=60",NA,AMPLICON,211,116785074,PRJNA656695,SAMN15795848,Pathogen.cl,59827662,UNIVERSITY OF PENNSYLVANIA,2020-07-13,public,"fastq,sra","gs,ncbi,s3","gs.US,ncbi.public,s3.us-east-1",SRX8929017,USA,North America,USA: Philadelphia,Covid-19,Homo sapiens,NP-OP,Illumina MiSeq,300 1,hospital,39.9526 N 75.1652 W,VSP0244-1,PAIRED,PCR,VIRAL RNA,Severe acute respiratory syndrome coronavirus 2,ILLUMINA,2020-08-12T00:00:00Z,VSP0244-1,SRP277146,"Ron\, Young",Extraction Technique: QiaAMP mini RNA
SRR12433065,NC_045512.2,18650,NA,A,T,225,NA,"DP=14;VDB=0.99974;SGB=-0.686358;MQSB=1;MQ0F=0;AC=1;AN=1;DP4=0,0,10,4;MQ=60",NA,AMPLICON,211,116785074,PRJNA656695,SAMN15795848,Pathogen.cl,59827662,UNIVERSITY OF PENNSYLVANIA,2020-07-13,public,"fastq,sra","gs,ncbi,s3","gs.US,ncbi.public,s3.us-east-1",SRX8929017,USA,North America,USA: Philadelphia,Covid-19,Homo sapiens,NP-OP,Illumina MiSeq,300 1,hospital,39.9526 N 75.1652 W,VSP0244-1,PAIRED,PCR,VIRAL RNA,Severe acute respiratory syndrome coronavirus 2,ILLUMINA,2020-08-12T00:00:00Z,VSP0244-1,SRP277146,"Ron\, Young",Extraction Technique: QiaAMP mini RNA
SRR12433065,NC_045512.2,23403,NA,A,G,140,NA,"DP=6;VDB=0.0815962;SGB=-0.590765;MQSB=1;MQ0F=0;AC=1;AN=1;DP4=0,0,2,3;MQ=60",S,AMPLICON,211,116785074,PRJNA656695,SAMN15795848,Pathogen.cl,59827662,UNIVERSITY OF PENNSYLVANIA,2020-07-13,public,"fastq,sra","gs,ncbi,s3","gs.US,ncbi.public,s3.us-east-1",SRX8929017,USA,North America,USA: Philadelphia,Covid-19,Homo sapiens,NP-OP,Illumina MiSeq,300 1,hospital,39.9526 N 75.1652 W,VSP0244-1,PAIRED,PCR,VIRAL RNA,Severe acute respiratory syndrome coronavirus 2,ILLUMINA,2020-08-12T00:00:00Z,VSP0244-1,SRP277146,"Ron\, Young",Extraction Technique: QiaAMP mini RNA
SRR12433065,NC_045512.2,25563,NA,G,T,225,NA,"DP=13;VDB=0.0073215;SGB=-0.683931;MQSB=1;MQ0F=0;AC=1;AN=1;DP4=0,0,9,4;MQ=60",ORF3a,AMPLICON,211,116785074,PRJNA656695,SAMN15795848,Pathogen.cl,59827662,UNIVERSITY OF PENNSYLVANIA,2020-07-13,public,"fastq,sra","gs,ncbi,s3","gs.US,ncbi.public,s3.us-east-1",SRX8929017,USA,North America,USA: Philadelphia,Covid-19,Homo sapiens,NP-OP,Illumina MiSeq,300 1,hospital,39.9526 N 75.1652 W,VSP0244-1,PAIRED,PCR,VIRAL RNA,Severe acute respiratory syndrome coronavirus 2,ILLUMINA,2020-08-12T00:00:00Z,VSP0244-1,SRP277146,"Ron\, Young",Extraction Technique: QiaAMP mini RNA
SRR12433065,NC_045512.2,28068,NA,G,T,81,NA,"DP=4;VDB=0.11189;SGB=-0.511536;MQSB=1;MQ0F=0;AC=1;AN=1;DP4=0,0,1,2;MQ=60",ORF8,AMPLICON,211,116785074,PRJNA656695,SAMN15795848,Pathogen.cl,59827662,UNIVERSITY OF PENNSYLVANIA,2020-07-13,public,"fastq,sra","gs,ncbi,s3","gs.US,ncbi.public,s3.us-east-1",SRX8929017,USA,North America,USA: Philadelphia,Covid-19,Homo sapiens,NP-OP,Illumina MiSeq,300 1,hospital,39.9526 N 75.1652 W,VSP0244-1,PAIRED,PCR,VIRAL RNA,Severe acute respiratory syndrome coronavirus 2,ILLUMINA,2020-08-12T00:00:00Z,VSP0244-1,SRP277146,"Ron\, Young",Extraction Technique: QiaAMP mini RNA
SRR12433066,NC_045512.2,241,NA,C,T,228,NA,"DP=256;VDB=0.000855562;SGB=-0.693147;RPB=1;MQB=1;MQSB=1;BQB=1;MQ0F=0;AC=1;AN=1;DP4=1,0,205,48;MQ=60",NA,AMPLICON,290,154569747,PRJNA656695,SAMN15795847,Pathogen.cl,70753655,UNIVERSITY OF PENNSYLVANIA,2020-07-01,public,"fastq,sra","gs,ncbi,s3","gs.US,ncbi.public,s3.us-east-1",SRX8929016,USA,North America,USA: Philadelphia,Covid-19,Homo sapiens,NP-OP,Illumina MiSeq,290 1,hospital,39.9526 N 75.1652 W,VSP0233-1,PAIRED,PCR,VIRAL RNA,Severe acute respiratory syndrome coronavirus 2,ILLUMINA,2020-08-12T00:00:00Z,VSP0233-1,SRP277146,"Ron\, Young",Extraction Technique: QiaAMP mini RNA
SRR12433066,NC_045512.2,1059,NA,C,T,225,NA,"DP=268;VDB=6.85459e-13;SGB=-0.693147;MQSB=1;MQ0F=0;AC=1;AN=1;DP4=0,0,186,79;MQ=60",NA,AMPLICON,290,154569747,PRJNA656695,SAMN15795847,Pathogen.cl,70753655,UNIVERSITY OF PENNSYLVANIA,2020-07-01,public,"fastq,sra","gs,ncbi,s3","gs.US,ncbi.public,s3.us-east-1",SRX8929016,USA,North America,USA: Philadelphia,Covid-19,Homo sapiens,NP-OP,Illumina MiSeq,290 1,hospital,39.9526 N 75.1652 W,VSP0233-1,PAIRED,PCR,VIRAL RNA,Severe acute respiratory syndrome coronavirus 2,ILLUMINA,2020-08-12T00:00:00Z,VSP0233-1,SRP277146,"Ron\, Young",Extraction Technique: QiaAMP mini RNA
SRR12433066,NC_045512.2,2219,NA,A,G,225,NA,"DP=250;VDB=1;SGB=-0.693147;MQSB=1;MQ0F=0;AC=1;AN=1;DP4=0,0,136,85;MQ=60",NA,AMPLICON,290,154569747,PRJNA656695,SAMN15795847,Pathogen.cl,70753655,UNIVERSITY OF PENNSYLVANIA,2020-07-01,public,"fastq,sra","gs,ncbi,s3","gs.US,ncbi.public,s3.us-east-1",SRX8929016,USA,North America,USA: Philadelphia,Covid-19,Homo sapiens,NP-OP,Illumina MiSeq,290 1,hospital,39.9526 N 75.1652 W,VSP0233-1,PAIRED,PCR,VIRAL RNA,Severe acute respiratory syndrome coronavirus 2,ILLUMINA,2020-08-12T00:00:00Z,VSP0233-1,SRP277146,"Ron\, Young",Extraction Technique: QiaAMP mini RNA
SRR12433066,NC_045512.2,3037,NA,C,T,225,NA,"DP=245;VDB=8.91261e-06;SGB=-0.693147;MQSB=1;MQ0F=0;AC=1;AN=1;DP4=0,0,154,87;MQ=60",NA,AMPLICON,290,154569747,PRJNA656695,SAMN15795847,Pathogen.cl,70753655,UNIVERSITY OF PENNSYLVANIA,2020-07-01,public,"fastq,sra","gs,ncbi,s3","gs.US,ncbi.public,s3.us-east-1",SRX8929016,USA,North America,USA: Philadelphia,Covid-19,Homo sapiens,NP-OP,Illumina MiSeq,290 1,hospital,39.9526 N 75.1652 W,VSP0233-1,PAIRED,PCR,VIRAL RNA,Severe acute respiratory syndrome coronavirus 2,ILLUMINA,2020-08-12T00:00:00Z,VSP0233-1,SRP277146,"Ron\, Young",Extraction Technique: QiaAMP mini RNA
SRR12433066,NC_045512.2,11916,NA,C,T,225,NA,"DP=250;VDB=1;SGB=-0.693147;MQSB=1;MQ0F=0;AC=1;AN=1;DP4=0,0,164,75;MQ=60",NA,AMPLICON,290,154569747,PRJNA656695,SAMN15795847,Pathogen.cl,70753655,UNIVERSITY OF PENNSYLVANIA,2020-07-01,public,"fastq,sra","gs,ncbi,s3","gs.US,ncbi.public,s3.us-east-1",SRX8929016,USA,North America,USA: Philadelphia,Covid-19,Homo sapiens,NP-OP,Illumina MiSeq,290 1,hospital,39.9526 N 75.1652 W,VSP0233-1,PAIRED,PCR,VIRAL RNA,Severe acute respiratory syndrome coronavirus 2,ILLUMINA,2020-08-12T00:00:00Z,VSP0233-1,SRP277146,"Ron\, Young",Extraction Technique: QiaAMP mini RNA
SRR12433066,NC_045512.2,13975,NA,G,T,228,NA,"DP=247;VDB=3.67543e-26;SGB=-0.693147;RPB=7.39838e-10;MQB=1;MQSB=1;BQB=0.00351549;MQ0F=0;AC=1;AN=1;DP4=11,4,177,51;MQ=60",NA,AMPLICON,290,154569747,PRJNA656695,SAMN15795847,Pathogen.cl,70753655,UNIVERSITY OF PENNSYLVANIA,2020-07-01,public,"fastq,sra","gs,ncbi,s3","gs.US,ncbi.public,s3.us-east-1",SRX8929016,USA,North America,USA: Philadelphia,Covid-19,Homo sapiens,NP-OP,Illumina MiSeq,290 1,hospital,39.9526 N 75.1652 W,VSP0233-1,PAIRED,PCR,VIRAL RNA,Severe acute respiratory syndrome coronavirus 2,ILLUMINA,2020-08-12T00:00:00Z,VSP0233-1,SRP277146,"Ron\, Young",Extraction Technique: QiaAMP mini RNA
SRR12433066,NC_045512.2,14408,NA,C,T,225,NA,"DP=247;VDB=0.00200204;SGB=-0.693147;MQSB=1;MQ0F=0;AC=1;AN=1;DP4=0,0,182,57;MQ=60",NA,AMPLICON,290,154569747,PRJNA656695,SAMN15795847,Pathogen.cl,70753655,UNIVERSITY OF PENNSYLVANIA,2020-07-01,public,"fastq,sra","gs,ncbi,s3","gs.US,ncbi.public,s3.us-east-1",SRX8929016,USA,North America,USA: Philadelphia,Covid-19,Homo sapiens,NP-OP,Illumina MiSeq,290 1,hospital,39.9526 N 75.1652 W,VSP0233-1,PAIRED,PCR,VIRAL RNA,Severe acute respiratory syndrome coronavirus 2,ILLUMINA,2020-08-12T00:00:00Z,VSP0233-1,SRP277146,"Ron\, Young",Extraction Technique: QiaAMP mini RNA
SRR12433066,NC_045512.2,17010,NA,C,T,225,NA,"DP=247;VDB=0.079078;SGB=-0.693147;MQSB=1;MQ0F=0;AC=1;AN=1;DP4=0,0,191,47;MQ=60",NA,AMPLICON,290,154569747,PRJNA656695,SAMN15795847,Pathogen.cl,70753655,UNIVERSITY OF PENNSYLVANIA,2020-07-01,public,"fastq,sra","gs,ncbi,s3","gs.US,ncbi.public,s3.us-east-1",SRX8929016,USA,North America,USA: Philadelphia,Covid-19,Homo sapiens,NP-OP,Illumina MiSeq,290 1,hospital,39.9526 N 75.1652 W,VSP0233-1,PAIRED,PCR,VIRAL RNA,Severe acute respiratory syndrome coronavirus 2,ILLUMINA,2020-08-12T00:00:00Z,VSP0233-1,SRP277146,"Ron\, Young",Extraction Technique: QiaAMP mini RNA
SRR12433066,NC_045512.2,18650,NA,A,T,225,NA,"DP=250;VDB=1;SGB=-0.693147;MQSB=1;MQ0F=0;AC=1;AN=1;DP4=0,0,178,63;MQ=60",NA,AMPLICON,290,154569747,PRJNA656695,SAMN15795847,Pathogen.cl,70753655,UNIVERSITY OF PENNSYLVANIA,2020-07-01,public,"fastq,sra","gs,ncbi,s3","gs.US,ncbi.public,s3.us-east-1",SRX8929016,USA,North America,USA: Philadelphia,Covid-19,Homo sapiens,NP-OP,Illumina MiSeq,290 1,hospital,39.9526 N 75.1652 W,VSP0233-1,PAIRED,PCR,VIRAL RNA,Severe acute respiratory syndrome coronavirus 2,ILLUMINA,2020-08-12T00:00:00Z,VSP0233-1,SRP277146,"Ron\, Young",Extraction Technique: QiaAMP mini RNA
SRR12433066,NC_045512.2,23403,NA,A,G,225,NA,"DP=250;VDB=0.999887;SGB=-0.693147;MQSB=1;MQ0F=0;AC=1;AN=1;DP4=0,0,184,59;MQ=60",S,AMPLICON,290,154569747,PRJNA656695,SAMN15795847,Pathogen.cl,70753655,UNIVERSITY OF PENNSYLVANIA,2020-07-01,public,"fastq,sra","gs,ncbi,s3","gs.US,ncbi.public,s3.us-east-1",SRX8929016,USA,North America,USA: Philadelphia,Covid-19,Homo sapiens,NP-OP,Illumina MiSeq,290 1,hospital,39.9526 N 75.1652 W,VSP0233-1,PAIRED,PCR,VIRAL RNA,Severe acute respiratory syndrome coronavirus 2,ILLUMINA,2020-08-12T00:00:00Z,VSP0233-1,SRP277146,"Ron\, Young",Extraction Technique: QiaAMP mini RNA
SRR12433066,NC_045512.2,25563,NA,G,T,225,NA,"DP=210;VDB=7.33799e-05;SGB=-0.693147;MQSB=1;MQ0F=0;AC=1;AN=1;DP4=0,0,138,60;MQ=60",ORF3a,AMPLICON,290,154569747,PRJNA656695,SAMN15795847,Pathogen.cl,70753655,UNIVERSITY OF PENNSYLVANIA,2020-07-01,public,"fastq,sra","gs,ncbi,s3","gs.US,ncbi.public,s3.us-east-1",SRX8929016,USA,North America,USA: Philadelphia,Covid-19,Homo sapiens,NP-OP,Illumina MiSeq,290 1,hospital,39.9526 N 75.1652 W,VSP0233-1,PAIRED,PCR,VIRAL RNA,Severe acute respiratory syndrome coronavirus 2,ILLUMINA,2020-08-12T00:00:00Z,VSP0233-1,SRP277146,"Ron\, Young",Extraction Technique: QiaAMP mini RNA
SRR12433066,NC_045512.2,28068,NA,G,T,225,NA,"DP=197;VDB=0.000282865;SGB=-0.693147;MQSB=1;MQ0F=0;AC=1;AN=1;DP4=0,0,144,50;MQ=60",ORF8,AMPLICON,290,154569747,PRJNA656695,SAMN15795847,Pathogen.cl,70753655,UNIVERSITY OF PENNSYLVANIA,2020-07-01,public,"fastq,sra","gs,ncbi,s3","gs.US,ncbi.public,s3.us-east-1",SRX8929016,USA,North America,USA: Philadelphia,Covid-19,Homo sapiens,NP-OP,Illumina MiSeq,290 1,hospital,39.9526 N 75.1652 W,VSP0233-1,PAIRED,PCR,VIRAL RNA,Severe acute respiratory syndrome coronavirus 2,ILLUMINA,2020-08-12T00:00:00Z,VSP0233-1,SRP277146,"Ron\, Young",Extraction Technique: QiaAMP mini RNA
